legacy_index,n_candidates,descriptor_name,all_candidates
0,2,MaxAbsEStateIndex,"MaxAbsEStateIndex, MaxEStateIndex"
1,1,MinEStateIndex,MinEStateIndex
2,2,MaxAbsEStateIndex,"MaxAbsEStateIndex, MaxEStateIndex"
3,1,MinAbsEStateIndex,MinAbsEStateIndex
4,1,qed,qed
5,1,MolWt,MolWt
6,1,HeavyAtomMolWt,HeavyAtomMolWt
7,1,ExactMolWt,ExactMolWt
8,1,NumValenceElectrons,NumValenceElectrons
14,1,FpDensityMorgan1,FpDensityMorgan1
15,1,FpDensityMorgan2,FpDensityMorgan2
16,1,FpDensityMorgan3,FpDensityMorgan3
25,1,BalabanJ,BalabanJ
26,1,BertzCT,BertzCT
27,1,Chi0,Chi0
28,1,Chi0n,Chi0n
29,1,Chi0v,Chi0v
30,1,Chi1,Chi1
31,1,Chi1n,Chi1n
32,1,Chi1v,Chi1v
33,1,Chi2n,Chi2n
34,1,Chi2v,Chi2v
35,1,Chi3n,Chi3n
36,1,Chi3v,Chi3v
37,1,Chi4n,Chi4n
38,1,Chi4v,Chi4v
39,1,HallKierAlpha,HallKierAlpha
40,0,(unmatched),
41,1,Kappa1,Kappa1
42,1,Kappa2,Kappa2
43,1,Kappa3,Kappa3
44,1,LabuteASA,LabuteASA
45,1,PEOE_VSA1,PEOE_VSA1
46,1,PEOE_VSA10,PEOE_VSA10
47,1,PEOE_VSA11,PEOE_VSA11
48,1,PEOE_VSA12,PEOE_VSA12
49,1,PEOE_VSA13,PEOE_VSA13
50,1,PEOE_VSA14,PEOE_VSA14
51,1,PEOE_VSA2,PEOE_VSA2
52,1,PEOE_VSA3,PEOE_VSA3
53,1,PEOE_VSA4,PEOE_VSA4
55,1,PEOE_VSA6,PEOE_VSA6
56,1,PEOE_VSA7,PEOE_VSA7
57,1,PEOE_VSA8,PEOE_VSA8
58,1,PEOE_VSA9,PEOE_VSA9
59,1,SMR_VSA1,SMR_VSA1
60,1,SMR_VSA10,SMR_VSA10
61,1,SMR_VSA2,SMR_VSA2
62,1,SMR_VSA3,SMR_VSA3
63,1,SMR_VSA4,SMR_VSA4
64,1,SMR_VSA5,SMR_VSA5
65,1,SMR_VSA6,SMR_VSA6
66,1,SMR_VSA7,SMR_VSA7
68,1,SMR_VSA9,SMR_VSA9
69,1,SlogP_VSA1,SlogP_VSA1
70,1,SlogP_VSA10,SlogP_VSA10
71,1,SlogP_VSA11,SlogP_VSA11
72,1,SlogP_VSA12,SlogP_VSA12
73,1,SlogP_VSA2,SlogP_VSA2
74,1,SlogP_VSA3,SlogP_VSA3
75,1,SlogP_VSA4,SlogP_VSA4
76,1,SlogP_VSA5,SlogP_VSA5
77,1,SlogP_VSA6,SlogP_VSA6
78,1,SlogP_VSA7,SlogP_VSA7
79,1,SlogP_VSA8,SlogP_VSA8
81,1,TPSA,TPSA
82,1,EState_VSA1,EState_VSA1
83,1,EState_VSA10,EState_VSA10
84,1,EState_VSA11,EState_VSA11
85,1,EState_VSA2,EState_VSA2
86,1,EState_VSA3,EState_VSA3
87,1,EState_VSA4,EState_VSA4
88,1,EState_VSA5,EState_VSA5
89,1,EState_VSA6,EState_VSA6
90,1,EState_VSA7,EState_VSA7
91,1,EState_VSA8,EState_VSA8
92,1,EState_VSA9,EState_VSA9
93,1,VSA_EState1,VSA_EState1
94,1,VSA_EState10,VSA_EState10
95,1,VSA_EState2,VSA_EState2
96,1,VSA_EState3,VSA_EState3
97,1,VSA_EState4,VSA_EState4
98,1,VSA_EState5,VSA_EState5
99,1,VSA_EState6,VSA_EState6
100,1,VSA_EState7,VSA_EState7
101,1,VSA_EState8,VSA_EState8
102,1,VSA_EState9,VSA_EState9
103,1,FractionCSP3,FractionCSP3
104,1,HeavyAtomCount,HeavyAtomCount
105,1,NHOHCount,NHOHCount
106,1,NOCount,NOCount
107,1,NumAliphaticCarbocycles,NumAliphaticCarbocycles
108,1,NumAliphaticHeterocycles,NumAliphaticHeterocycles
109,1,NumAliphaticRings,NumAliphaticRings
110,2,NumAromaticCarbocycles,"NumAromaticCarbocycles, fr_benzene"
111,1,NumAromaticHeterocycles,NumAromaticHeterocycles
112,1,NumAromaticRings,NumAromaticRings
113,0,(unmatched),
114,1,NumHDonors,NumHDonors
115,1,NumHeteroatoms,NumHeteroatoms
116,1,NumRotatableBonds,NumRotatableBonds
117,1,NumSaturatedCarbocycles,NumSaturatedCarbocycles
118,1,NumSaturatedHeterocycles,NumSaturatedHeterocycles
119,1,NumSaturatedRings,NumSaturatedRings
120,1,RingCount,RingCount
121,1,MolLogP,MolLogP
122,1,MolMR,MolMR
123,3,fr_Al_COO,"fr_Al_COO, fr_COO, fr_COO2"
124,2,fr_Al_OH,"fr_Al_OH, fr_Al_OH_noTert"
125,2,fr_Al_OH,"fr_Al_OH, fr_Al_OH_noTert"
128,1,fr_Ar_N,fr_Ar_N
130,3,fr_Ar_OH,"fr_Ar_OH, fr_phenol, fr_phenol_noOrthoHbond"
131,3,fr_Al_COO,"fr_Al_COO, fr_COO, fr_COO2"
132,3,fr_Al_COO,"fr_Al_COO, fr_COO, fr_COO2"
133,1,fr_C_O,fr_C_O
134,1,fr_C_O_noCOO,fr_C_O_noCOO
138,1,fr_NH0,fr_NH0
139,1,fr_NH1,fr_NH1
140,1,fr_NH2,fr_NH2
143,1,fr_Ndealkylation2,fr_Ndealkylation2
147,1,fr_alkyl_carbamate,fr_alkyl_carbamate
148,1,fr_alkyl_halide,fr_alkyl_halide
149,1,fr_allylic_oxid,fr_allylic_oxid
150,2,NumAmideBonds,"NumAmideBonds, fr_amide"
152,1,fr_aniline,fr_aniline
153,1,fr_aryl_methyl,fr_aryl_methyl
157,2,NumAromaticCarbocycles,"NumAromaticCarbocycles, fr_benzene"
159,1,fr_bicyclic,fr_bicyclic
163,1,fr_ester,fr_ester
164,1,fr_ether,fr_ether
165,1,fr_furan,fr_furan
167,1,fr_halogen,fr_halogen
171,1,fr_imide,fr_imide
174,1,fr_ketone,fr_ketone
175,1,fr_ketone_Topliss,fr_ketone_Topliss
177,1,fr_lactone,fr_lactone
178,1,fr_methoxy,fr_methoxy
180,1,fr_nitrile,fr_nitrile
187,1,fr_para_hydroxylation,fr_para_hydroxylation
188,3,fr_Ar_OH,"fr_Ar_OH, fr_phenol, fr_phenol_noOrthoHbond"
189,3,fr_Ar_OH,"fr_Ar_OH, fr_phenol, fr_phenol_noOrthoHbond"
196,1,fr_pyridine,fr_pyridine
198,1,fr_sulfide,fr_sulfide
200,1,fr_sulfone,fr_sulfone
205,1,fr_thiophene,fr_thiophene
206,0,(unmatched),
